Job number, Alloy fraction, Temperature (K), Unlike bond energy (eV), Average number of unlike neighbours, Average energy (eV), Heat capacity (kB)
0.5f_-0.1eV_300.00K, 0.5000,   300.00, -0.10, 3.7111,       123.9213,    0.006191199
0.5f_-0.1eV_400.00K, 0.5000,   400.00, -0.10, 3.7222,       124.6036,    0.004185834
0.5f_-0.1eV_500.00K, 0.5000,   500.00, -0.10, 3.6944,       122.7825,    0.001762472
0.5f_-0.1eV_600.00K, 0.5000,   600.00, -0.10, 3.7311,       125.2773,    0.004969303
0.5f_-0.1eV_700.00K, 0.5000,   700.00, -0.10, 3.7389,       126.1431,     0.01927689
0.5f_-0.1eV_800.00K, 0.5000,   800.00, -0.10, 3.7233,       124.7997,    0.006309155
0.5f_-0.1eV_900.00K, 0.5000,   900.00, -0.10, 3.6411,       119.4837,     0.01988282
0.5f_-0.1eV_1000.00K, 0.5000,  1000.00, -0.10, 3.6478,       119.6298,     0.01254682
0.5f_-0.1eV_1100.00K, 0.5000,  1100.00, -0.10, 3.5500,       113.9625,     0.01450373
0.5f_-0.1eV_1200.00K, 0.5000,  1200.00, -0.10, 3.5322,       111.9281,     0.02566539
0.5f_-0.1eV_1300.00K, 0.5000,  1300.00, -0.10, 3.3189,       98.97729,     0.02029943
0.5f_-0.1eV_1400.00K, 0.5000,  1400.00, -0.10, 3.2456,       93.35901,      0.1606083
0.5f_-0.1eV_1500.00K, 0.5000,  1500.00, -0.10, 3.0022,       81.27167,     0.04983429
0.5f_-0.1eV_1600.00K, 0.5000,  1600.00, -0.10, 2.9011,       76.13993,     0.08560896
0.5f_-0.1eV_1700.00K, 0.5000,  1700.00, -0.10, 2.8700,       73.68643,     0.06210938
0.5f_-0.1eV_1800.00K, 0.5000,  1800.00, -0.10, 2.7878,       70.83332,     0.02363592
0.5f_-0.1eV_1900.00K, 0.5000,  1900.00, -0.10, 2.7067,       65.13727,     0.08237279
0.5f_-0.1eV_2000.00K, 0.5000,  2000.00, -0.10, 2.7122,       66.95309,       0.060308
0.5f_-0.1eV_2100.00K, 0.5000,  2100.00, -0.10, 2.6333,       62.80647,     0.08567178
0.5f_-0.1eV_2200.00K, 0.5000,  2200.00, -0.10, 2.6033,       60.39766,     0.05563353
0.5f_-0.1eV_2300.00K, 0.5000,  2300.00, -0.10, 2.5500,       58.25139,     0.08070231
0.5f_-0.1eV_2400.00K, 0.5000,  2400.00, -0.10, 2.5578,       58.94032,     0.01039349
0.5f_-0.1eV_2500.00K, 0.5000,  2500.00, -0.10, 2.5189,       57.39497,     0.03360311
0.5f_-0.1eV_2600.00K, 0.5000,  2600.00, -0.10, 2.4456,       55.94362,       0.070722
0.5f_-0.1eV_2700.00K, 0.5000,  2700.00, -0.10, 2.4722,       55.04285,     0.02110365
0.5f_-0.1eV_2800.00K, 0.5000,  2800.00, -0.10, 2.4689,       54.17137,     0.02471046
0.5f_-0.1eV_2900.00K, 0.5000,  2900.00, -0.10, 2.4400,       52.11569,     0.07178114
0.5f_-0.1eV_3000.00K, 0.5000,  3000.00, -0.10, 2.4156,        52.5859,     0.01789776
0.5f_-0.1eV_3100.00K, 0.5000,  3100.00, -0.10, 2.3756,       50.75993,     0.03567019
0.5f_-0.1eV_3200.00K, 0.5000,  3200.00, -0.10, 2.3711,       51.21492,     0.01399226
0.5f_-0.1eV_3300.00K, 0.5000,  3300.00, -0.10, 2.3411,       51.13814,     0.02988053
0.5f_-0.1eV_3400.00K, 0.5000,  3400.00, -0.10, 2.3322,       48.50835,     0.02761306
0.5f_-0.1eV_3500.00K, 0.5000,  3500.00, -0.10, 2.3622,       51.10811,      0.0130513
0.5f_-0.1eV_3600.00K, 0.5000,  3600.00, -0.10, 2.2922,       49.16459,      0.0313407
0.5f_-0.1eV_3700.00K, 0.5000,  3700.00, -0.10, 2.3144,       47.94131,     0.01225066
0.5f_-0.1eV_3800.00K, 0.5000,  3800.00, -0.10, 2.3411,       47.80874,     0.03801167
0.5f_-0.1eV_3900.00K, 0.5000,  3900.00, -0.10, 2.2556,       47.17071,     0.04077752
0.5f_-0.1eV_4000.00K, 0.5000,  4000.00, -0.10, 2.3011,        47.7329,     0.01522061
0.5f_-0.1eV_4100.00K, 0.5000,  4100.00, -0.10, 2.2667,       45.97988,     0.02150166
0.5f_-0.1eV_4200.00K, 0.5000,  4200.00, -0.10, 2.2856,       47.39818,     0.01098236
0.5f_-0.1eV_4300.00K, 0.5000,  4300.00, -0.10, 2.2322,       46.75469,     0.01315254
0.5f_-0.1eV_4400.00K, 0.5000,  4400.00, -0.10, 2.3078,       46.44495,     0.01409513
0.5f_-0.1eV_4500.00K, 0.5000,  4500.00, -0.10, 2.3111,       47.55463,     0.01157139
0.5f_-0.1eV_4600.00K, 0.5000,  4600.00, -0.10, 2.2189,       45.53595,     0.02121446
0.5f_-0.1eV_4700.00K, 0.5000,  4700.00, -0.10, 2.2344,       45.21137,     0.01327188
0.5f_-0.1eV_4800.00K, 0.5000,  4800.00, -0.10, 2.2511,        45.8292,      0.0109607
0.5f_-0.1eV_4900.00K, 0.5000,  4900.00, -0.10, 2.2533,       44.44444,     0.04281509
0.5f_-0.1eV_5000.00K, 0.5000,  5000.00, -0.10, 2.2456,       45.08881,     0.01390048
0.5f_-0.1eV_5100.00K, 0.5000,  5100.00, -0.10, 2.2656,       45.18188,     0.01073163
0.5f_-0.1eV_5200.00K, 0.5000,  5200.00, -0.10, 2.2089,       43.88577,     0.05414763
0.5f_-0.1eV_5300.00K, 0.5000,  5300.00, -0.10, 2.2178,       44.22578,     0.02378428
0.5f_0.1eV_300.00K, 0.5000,   300.00,  0.10, 1.0278,       9.523149,    0.002777356
0.5f_0.1eV_400.00K, 0.5000,   400.00,  0.10, 1.0100,        9.16729,    0.002915159
0.5f_0.1eV_500.00K, 0.5000,   500.00,  0.10, 0.9911,       8.850268,    0.001997087
0.5f_0.1eV_600.00K, 0.5000,   600.00,  0.10, 0.9211,       7.635348,    0.009820166
0.5f_0.1eV_700.00K, 0.5000,   700.00,  0.10, 0.9456,       8.142006,     0.01221855
0.5f_0.1eV_800.00K, 0.5000,   800.00,  0.10, 0.9433,       7.994078,     0.00568633
0.5f_0.1eV_900.00K, 0.5000,   900.00,  0.10, 0.9756,       8.549386,    0.003605104
0.5f_0.1eV_1000.00K, 0.5000,  1000.00,  0.10, 0.9733,       8.431745,     0.03719838
0.5f_0.1eV_1100.00K, 0.5000,  1100.00,  0.10, 1.0522,         9.7645,     0.02474556
0.5f_0.1eV_1200.00K, 0.5000,  1200.00,  0.10, 1.0111,       9.183809,     0.01324544
0.5f_0.1eV_1300.00K, 0.5000,  1300.00,  0.10, 1.0600,       10.37763,     0.07594102
0.5f_0.1eV_1400.00K, 0.5000,  1400.00,  0.10, 1.1211,       11.17003,     0.01009231
0.5f_0.1eV_1500.00K, 0.5000,  1500.00,  0.10, 1.1622,       12.29961,     0.02216128
0.5f_0.1eV_1600.00K, 0.5000,  1600.00,  0.10, 1.2033,        13.2348,     0.01231734
0.5f_0.1eV_1700.00K, 0.5000,  1700.00,  0.10, 1.2778,       14.80392,    0.005960165
0.5f_0.1eV_1800.00K, 0.5000,  1800.00,  0.10, 1.2978,       15.66075,     0.04095084
0.5f_0.1eV_1900.00K, 0.5000,  1900.00,  0.10, 1.3811,       16.83773,     0.01262584
0.5f_0.1eV_2000.00K, 0.5000,  2000.00,  0.10, 1.4022,       17.40853,     0.01794169
0.5f_0.1eV_2100.00K, 0.5000,  2100.00,  0.10, 1.3867,       17.06874,     0.03323062
0.5f_0.1eV_2200.00K, 0.5000,  2200.00,  0.10, 1.4689,       19.31069,     0.01314772
0.5f_0.1eV_2300.00K, 0.5000,  2300.00,  0.10, 1.4600,       18.91345,     0.03377645
0.5f_0.1eV_2400.00K, 0.5000,  2400.00,  0.10, 1.4600,       19.55674,    0.004451918
0.5f_0.1eV_2500.00K, 0.5000,  2500.00,  0.10, 1.4833,       19.79123,     0.02683809
0.5f_0.1eV_2600.00K, 0.5000,  2600.00,  0.10, 1.5433,       21.86304,     0.01468772
0.5f_0.1eV_2700.00K, 0.5000,  2700.00,  0.10, 1.5633,        22.0697,    0.007262608
0.5f_0.1eV_2800.00K, 0.5000,  2800.00,  0.10, 1.5833,       22.66128,     0.01272724
0.5f_0.1eV_2900.00K, 0.5000,  2900.00,  0.10, 1.6200,       23.88036,     0.01026245
0.5f_0.1eV_3000.00K, 0.5000,  3000.00,  0.10, 1.5789,       23.03347,     0.01216613
0.5f_0.1eV_3100.00K, 0.5000,  3100.00,  0.10, 1.6111,       23.32175,     0.01898243
0.5f_0.1eV_3200.00K, 0.5000,  3200.00,  0.10, 1.6100,       22.84184,     0.01479028
0.5f_0.1eV_3300.00K, 0.5000,  3300.00,  0.10, 1.6611,       24.84504,       0.017955
0.5f_0.1eV_3400.00K, 0.5000,  3400.00,  0.10, 1.6311,       23.94106,     0.04034867
0.5f_0.1eV_3500.00K, 0.5000,  3500.00,  0.10, 1.6778,        25.1023,    0.008767774
0.5f_0.1eV_3600.00K, 0.5000,  3600.00,  0.10, 1.6878,       25.51833,     0.02466237
0.5f_0.1eV_3700.00K, 0.5000,  3700.00,  0.10, 1.6711,       25.25337,     0.00707013
0.5f_0.1eV_3800.00K, 0.5000,  3800.00,  0.10, 1.7167,       27.38896,     0.01252861
0.5f_0.1eV_3900.00K, 0.5000,  3900.00,  0.10, 1.6589,       25.01273,     0.01367565
0.5f_0.1eV_4000.00K, 0.5000,  4000.00,  0.10, 1.7156,       26.95673,      0.0308043
0.5f_0.1eV_4100.00K, 0.5000,  4100.00,  0.10, 1.7011,       25.81886,    0.003942176
0.5f_0.1eV_4200.00K, 0.5000,  4200.00,  0.10, 1.6833,       25.50843,    0.006387595
0.5f_0.1eV_4300.00K, 0.5000,  4300.00,  0.10, 1.7556,       27.80193,    0.008411499
0.5f_0.1eV_4400.00K, 0.5000,  4400.00,  0.10, 1.7200,       26.24301,    0.008254237
0.5f_0.1eV_4500.00K, 0.5000,  4500.00,  0.10, 1.7789,        27.6723,    0.005321282
0.5f_0.1eV_4600.00K, 0.5000,  4600.00,  0.10, 1.7189,       26.92621,    0.008938643
0.5f_0.1eV_4700.00K, 0.5000,  4700.00,  0.10, 1.7567,       27.73813,     0.01874986
0.5f_0.1eV_4800.00K, 0.5000,  4800.00,  0.10, 1.7656,       28.31226,     0.01169854
0.5f_0.1eV_4900.00K, 0.5000,  4900.00,  0.10, 1.7822,       27.61608,    0.005921362
0.5f_0.1eV_5000.00K, 0.5000,  5000.00,  0.10, 1.7667,       29.15352,     0.01392756
0.5f_0.1eV_5100.00K, 0.5000,  5100.00,  0.10, 1.7622,       27.70724,    0.003506679
0.5f_0.1eV_5200.00K, 0.5000,  5200.00,  0.10, 1.7878,       28.43669,     0.01543193
0.5f_0.1eV_5300.00K, 0.5000,  5300.00,  0.10, 1.7878,       28.72195,     0.01564801
0.4f_-0.1eV_300.00K, 0.4000,   300.00, -0.10, 3.1956,       91.89127,    0.002679932
0.4f_-0.1eV_400.00K, 0.4000,   400.00, -0.10, 3.1722,       90.60235,    0.002568323
0.4f_-0.1eV_500.00K, 0.4000,   500.00, -0.10, 3.1933,       91.78764,    0.006637629
0.4f_-0.1eV_600.00K, 0.4000,   600.00, -0.10, 3.1811,       91.14203,     0.02023091
0.4f_-0.1eV_700.00K, 0.4000,   700.00, -0.10, 3.1578,       89.90921,    0.005719455
0.4f_-0.1eV_800.00K, 0.4000,   800.00, -0.10, 3.1300,       88.35323,     0.02945874
0.4f_-0.1eV_900.00K, 0.4000,   900.00, -0.10, 3.1200,       87.53137,     0.02375106
0.4f_-0.1eV_1000.00K, 0.4000,  1000.00, -0.10, 3.0811,       85.30542,     0.01506215
0.4f_-0.1eV_1100.00K, 0.4000,  1100.00, -0.10, 3.0267,       82.75383,     0.03852793
0.4f_-0.1eV_1200.00K, 0.4000,  1200.00, -0.10, 2.9589,       78.02754,     0.04790579
0.4f_-0.1eV_1300.00K, 0.4000,  1300.00, -0.10, 2.8700,       73.72558,     0.04649928
0.4f_-0.1eV_1400.00K, 0.4000,  1400.00, -0.10, 2.8289,       71.39901,     0.03396713
0.4f_-0.1eV_1500.00K, 0.4000,  1500.00, -0.10, 2.6911,       65.26873,     0.04667082
0.4f_-0.1eV_1600.00K, 0.4000,  1600.00, -0.10, 2.6778,       63.89135,     0.05528309
0.4f_-0.1eV_1700.00K, 0.4000,  1700.00, -0.10, 2.6278,        61.5956,     0.02222453
0.4f_-0.1eV_1800.00K, 0.4000,  1800.00, -0.10, 2.6022,         59.898,     0.03094126
0.4f_-0.1eV_1900.00K, 0.4000,  1900.00, -0.10, 2.5133,       57.42002,     0.01365036
0.4f_-0.1eV_2000.00K, 0.4000,  2000.00, -0.10, 2.5278,       58.23796,     0.03790616
0.4f_-0.1eV_2100.00K, 0.4000,  2100.00, -0.10, 2.3933,       52.89769,     0.02764761
0.4f_-0.1eV_2200.00K, 0.4000,  2200.00, -0.10, 2.4089,       52.37118,      0.0364203
0.4f_-0.1eV_2300.00K, 0.4000,  2300.00, -0.10, 2.4144,       52.21459,     0.06412718
0.4f_-0.1eV_2400.00K, 0.4000,  2400.00, -0.10, 2.4044,       51.11373,     0.03998129
0.4f_-0.1eV_2500.00K, 0.4000,  2500.00, -0.10, 2.3700,       51.15177,     0.03083073
0.4f_-0.1eV_2600.00K, 0.4000,  2600.00, -0.10, 2.3400,       49.12804,     0.03692339
0.4f_-0.1eV_2700.00K, 0.4000,  2700.00, -0.10, 2.3067,       49.11571,     0.03021074
0.4f_-0.1eV_2800.00K, 0.4000,  2800.00, -0.10, 2.3200,       49.08936,     0.01109509
0.4f_-0.1eV_2900.00K, 0.4000,  2900.00, -0.10, 2.3033,       47.71245,     0.01509708
0.4f_-0.1eV_3000.00K, 0.4000,  3000.00, -0.10, 2.2367,       45.87813,     0.01832673
0.4f_-0.1eV_3100.00K, 0.4000,  3100.00, -0.10, 2.2789,       46.15155,     0.01064828
0.4f_-0.1eV_3200.00K, 0.4000,  3200.00, -0.10, 2.3156,       47.10068,     0.01797105
0.4f_-0.1eV_3300.00K, 0.4000,  3300.00, -0.10, 2.2189,       44.51425,     0.03721225
0.4f_-0.1eV_3400.00K, 0.4000,  3400.00, -0.10, 2.2278,        44.3145,      0.0438327
0.4f_-0.1eV_3500.00K, 0.4000,  3500.00, -0.10, 2.2444,        45.1877,     0.01388817
0.4f_-0.1eV_3600.00K, 0.4000,  3600.00, -0.10, 2.2078,       43.58174,     0.01405461
0.4f_-0.1eV_3700.00K, 0.4000,  3700.00, -0.10, 2.1744,       44.12803,      0.0245248
0.4f_-0.1eV_3800.00K, 0.4000,  3800.00, -0.10, 2.1933,       43.49693,    0.008091672
0.4f_-0.1eV_3900.00K, 0.4000,  3900.00, -0.10, 2.2200,       44.09624,    0.009164525
0.4f_-0.1eV_4000.00K, 0.4000,  4000.00, -0.10, 2.2144,       43.95328,     0.01358949
0.4f_-0.1eV_4100.00K, 0.4000,  4100.00, -0.10, 2.1933,       42.88643,     0.01388151
0.4f_-0.1eV_4200.00K, 0.4000,  4200.00, -0.10, 2.1522,       41.86659,     0.01185575
0.4f_-0.1eV_4300.00K, 0.4000,  4300.00, -0.10, 2.1711,       42.02842,     0.02709173
0.4f_-0.1eV_4400.00K, 0.4000,  4400.00, -0.10, 2.1778,       41.97986,     0.01534151
0.4f_-0.1eV_4500.00K, 0.4000,  4500.00, -0.10, 2.1722,       41.20784,     0.01394663
0.4f_-0.1eV_4600.00K, 0.4000,  4600.00, -0.10, 2.1978,       44.20982,     0.02337588
0.4f_-0.1eV_4700.00K, 0.4000,  4700.00, -0.10, 2.1489,       41.48914,    0.009294594
0.4f_-0.1eV_4800.00K, 0.4000,  4800.00, -0.10, 2.1733,        41.7546,     0.02703877
0.4f_-0.1eV_4900.00K, 0.4000,  4900.00, -0.10, 2.1311,        41.0975,      0.0341116
0.4f_-0.1eV_5000.00K, 0.4000,  5000.00, -0.10, 2.1244,       40.99969,    0.005353386
0.4f_-0.1eV_5100.00K, 0.4000,  5100.00, -0.10, 2.1044,       40.73486,     0.01092089
0.4f_-0.1eV_5200.00K, 0.4000,  5200.00, -0.10, 2.1256,        40.9722,    0.007927623
0.4f_-0.1eV_5300.00K, 0.4000,  5300.00, -0.10, 2.0889,       39.43446,    0.007830348
0.4f_0.1eV_300.00K, 0.4000,   300.00,  0.10, 1.0267,         9.4864,   -3.05661e-10
0.4f_0.1eV_400.00K, 0.4000,   400.00,  0.10, 0.9911,       8.877937,    0.002474693
0.4f_0.1eV_500.00K, 0.4000,   500.00,  0.10, 0.9789,       8.615086,    0.007661321
0.4f_0.1eV_600.00K, 0.4000,   600.00,  0.10, 0.9389,       8.003015,     0.01354403
0.4f_0.1eV_700.00K, 0.4000,   700.00,  0.10, 0.9133,       7.487958,    0.004733805
0.4f_0.1eV_800.00K, 0.4000,   800.00,  0.10, 0.8967,       7.255122,     0.01200856
0.4f_0.1eV_900.00K, 0.4000,   900.00,  0.10, 0.9189,       7.590319,    0.006357781
0.4f_0.1eV_1000.00K, 0.4000,  1000.00,  0.10, 0.9678,       8.176969,     0.06698975
0.4f_0.1eV_1100.00K, 0.4000,  1100.00,  0.10, 0.9400,       8.044938,      0.0125088
0.4f_0.1eV_1200.00K, 0.4000,  1200.00,  0.10, 1.0033,       9.087974,     0.01495597
0.4f_0.1eV_1300.00K, 0.4000,  1300.00,  0.10, 1.0533,       9.945824,     0.01524069
0.4f_0.1eV_1400.00K, 0.4000,  1400.00,  0.10, 1.1222,       11.57138,     0.04036741
0.4f_0.1eV_1500.00K, 0.4000,  1500.00,  0.10, 1.1311,       11.50467,      0.0626354
0.4f_0.1eV_1600.00K, 0.4000,  1600.00,  0.10, 1.2189,        13.5504,      0.0128725
0.4f_0.1eV_1700.00K, 0.4000,  1700.00,  0.10, 1.2500,       14.03686,     0.02624611
0.4f_0.1eV_1800.00K, 0.4000,  1800.00,  0.10, 1.2844,       14.89548,     0.02275376
0.4f_0.1eV_1900.00K, 0.4000,  1900.00,  0.10, 1.3300,       15.83881,     0.05038118
0.4f_0.1eV_2000.00K, 0.4000,  2000.00,  0.10, 1.3300,       16.24875,     0.01014429
0.4f_0.1eV_2100.00K, 0.4000,  2100.00,  0.10, 1.3611,       17.03218,       0.054748
0.4f_0.1eV_2200.00K, 0.4000,  2200.00,  0.10, 1.3711,        17.1247,     0.03683327
0.4f_0.1eV_2300.00K, 0.4000,  2300.00,  0.10, 1.4244,       18.33701,     0.01928893
0.4f_0.1eV_2400.00K, 0.4000,  2400.00,  0.10, 1.4022,       17.86048,    0.008033007
0.4f_0.1eV_2500.00K, 0.4000,  2500.00,  0.10, 1.4789,       19.45604,     0.03761834
0.4f_0.1eV_2600.00K, 0.4000,  2600.00,  0.10, 1.4711,       19.33906,     0.01045539
0.4f_0.1eV_2700.00K, 0.4000,  2700.00,  0.10, 1.4911,       20.33288,     0.04402429
0.4f_0.1eV_2800.00K, 0.4000,  2800.00,  0.10, 1.5400,       21.32223,      0.0125301
0.4f_0.1eV_2900.00K, 0.4000,  2900.00,  0.10, 1.5567,       21.78717,      0.0139954
0.4f_0.1eV_3000.00K, 0.4000,  3000.00,  0.10, 1.5900,       22.55471,     0.01778333
0.4f_0.1eV_3100.00K, 0.4000,  3100.00,  0.10, 1.5567,       21.10704,     0.01705445
0.4f_0.1eV_3200.00K, 0.4000,  3200.00,  0.10, 1.5833,       21.94104,     0.01767439
0.4f_0.1eV_3300.00K, 0.4000,  3300.00,  0.10, 1.5989,       23.05568,     0.01018814
0.4f_0.1eV_3400.00K, 0.4000,  3400.00,  0.10, 1.5789,        22.3393,     0.01141178
0.4f_0.1eV_3500.00K, 0.4000,  3500.00,  0.10, 1.5811,        22.9298,    0.007728277
0.4f_0.1eV_3600.00K, 0.4000,  3600.00,  0.10, 1.5767,       22.50636,     0.01876291
0.4f_0.1eV_3700.00K, 0.4000,  3700.00,  0.10, 1.6122,       23.84916,     0.00646551
0.4f_0.1eV_3800.00K, 0.4000,  3800.00,  0.10, 1.6233,       24.18771,     0.04097406
0.4f_0.1eV_3900.00K, 0.4000,  3900.00,  0.10, 1.6633,       24.59439,    0.006575206
0.4f_0.1eV_4000.00K, 0.4000,  4000.00,  0.10, 1.6244,       23.92279,    0.007190772
0.4f_0.1eV_4100.00K, 0.4000,  4100.00,  0.10, 1.6311,       24.68659,     0.01043757
0.4f_0.1eV_4200.00K, 0.4000,  4200.00,  0.10, 1.6611,       24.96161,    0.007060061
0.4f_0.1eV_4300.00K, 0.4000,  4300.00,  0.10, 1.6322,       24.23744,    0.004155837
0.4f_0.1eV_4400.00K, 0.4000,  4400.00,  0.10, 1.6656,       25.76219,     0.01899533
0.4f_0.1eV_4500.00K, 0.4000,  4500.00,  0.10, 1.6433,       25.45626,     0.01263952
0.4f_0.1eV_4600.00K, 0.4000,  4600.00,  0.10, 1.6922,       25.82435,     0.01233998
0.4f_0.1eV_4700.00K, 0.4000,  4700.00,  0.10, 1.6689,       24.80113,    0.004533775
0.4f_0.1eV_4800.00K, 0.4000,  4800.00,  0.10, 1.6978,       25.51886,    0.003971226
0.4f_0.1eV_4900.00K, 0.4000,  4900.00,  0.10, 1.7022,        26.3115,    0.003238404
0.4f_0.1eV_5000.00K, 0.4000,  5000.00,  0.10, 1.7122,       25.50735,     0.02787237
0.4f_0.1eV_5100.00K, 0.4000,  5100.00,  0.10, 1.7267,       25.80491,    0.006965257
0.4f_0.1eV_5200.00K, 0.4000,  5200.00,  0.10, 1.6978,       26.11271,    0.006483001
0.4f_0.1eV_5300.00K, 0.4000,  5300.00,  0.10, 1.7267,       27.77712,    0.007182854
0.3f_-0.1eV_300.00K, 0.3000,   300.00, -0.10, 2.4000,       51.77858,      0.0112653
0.3f_-0.1eV_400.00K, 0.3000,   400.00, -0.10, 2.3989,       51.76822,    0.002337782
0.3f_-0.1eV_500.00K, 0.3000,   500.00, -0.10, 2.3911,       51.41722,      0.0217602
0.3f_-0.1eV_600.00K, 0.3000,   600.00, -0.10, 2.3844,       51.00921,     0.01873304
0.3f_-0.1eV_700.00K, 0.3000,   700.00, -0.10, 2.3578,       50.26668,     0.04624748
0.3f_-0.1eV_800.00K, 0.3000,   800.00, -0.10, 2.3533,       49.81903,    0.009243055
0.3f_-0.1eV_900.00K, 0.3000,   900.00, -0.10, 2.3122,       48.25581,     0.05744953
0.3f_-0.1eV_1000.00K, 0.3000,  1000.00, -0.10, 2.3422,       48.49033,     0.09775402
0.3f_-0.1eV_1100.00K, 0.3000,  1100.00, -0.10, 2.2778,        46.6042,     0.03934056
0.3f_-0.1eV_1200.00K, 0.3000,  1200.00, -0.10, 2.2444,       45.52138,     0.03405963
0.3f_-0.1eV_1300.00K, 0.3000,  1300.00, -0.10, 2.2167,       44.31423,     0.04211832
0.3f_-0.1eV_1400.00K, 0.3000,  1400.00, -0.10, 2.1989,       43.73486,     0.01450251
0.3f_-0.1eV_1500.00K, 0.3000,  1500.00, -0.10, 2.1478,       41.59141,     0.05502006
0.3f_-0.1eV_1600.00K, 0.3000,  1600.00, -0.10, 2.1511,       41.69845,     0.01696702
0.3f_-0.1eV_1700.00K, 0.3000,  1700.00, -0.10, 2.0900,       40.05118,      0.1584664
0.3f_-0.1eV_1800.00K, 0.3000,  1800.00, -0.10, 2.1011,       39.20496,     0.02230882
0.3f_-0.1eV_1900.00K, 0.3000,  1900.00, -0.10, 2.0644,       38.43421,     0.03112936
0.3f_-0.1eV_2000.00K, 0.3000,  2000.00, -0.10, 2.0844,       39.02809,     0.04750969
0.3f_-0.1eV_2100.00K, 0.3000,  2100.00, -0.10, 2.0422,       37.90914,     0.02287351
0.3f_-0.1eV_2200.00K, 0.3000,  2200.00, -0.10, 2.0178,       37.12367,     0.05267285
0.3f_-0.1eV_2300.00K, 0.3000,  2300.00, -0.10, 2.0078,       35.78975,     0.04023664
0.3f_-0.1eV_2400.00K, 0.3000,  2400.00, -0.10, 1.9889,        36.0465,     0.06154992
0.3f_-0.1eV_2500.00K, 0.3000,  2500.00, -0.10, 1.9544,       34.60796,      0.0205072
0.3f_-0.1eV_2600.00K, 0.3000,  2600.00, -0.10, 1.9389,       34.43108,      0.0359435
0.3f_-0.1eV_2700.00K, 0.3000,  2700.00, -0.10, 1.9822,       34.49095,     0.01327502
0.3f_-0.1eV_2800.00K, 0.3000,  2800.00, -0.10, 1.9656,       34.90762,    0.007100751
0.3f_-0.1eV_2900.00K, 0.3000,  2900.00, -0.10, 1.9467,       33.47903,     0.01898293
0.3f_-0.1eV_3000.00K, 0.3000,  3000.00, -0.10, 1.9500,       34.16075,     0.02303451
0.3f_-0.1eV_3100.00K, 0.3000,  3100.00, -0.10, 1.8944,       33.33353,      0.0341931
0.3f_-0.1eV_3200.00K, 0.3000,  3200.00, -0.10, 1.9378,       33.34069,     0.01996937
0.3f_-0.1eV_3300.00K, 0.3000,  3300.00, -0.10, 1.9411,       33.32599,     0.03299674
0.3f_-0.1eV_3400.00K, 0.3000,  3400.00, -0.10, 1.8933,       33.38983,     0.01351797
0.3f_-0.1eV_3500.00K, 0.3000,  3500.00, -0.10, 1.9300,       33.76098,    0.009456242
0.3f_-0.1eV_3600.00K, 0.3000,  3600.00, -0.10, 1.9222,        33.4074,     0.01323112
0.3f_-0.1eV_3700.00K, 0.3000,  3700.00, -0.10, 1.9556,       32.99936,     0.02741609
0.3f_-0.1eV_3800.00K, 0.3000,  3800.00, -0.10, 1.8633,       31.84435,     0.01791162
0.3f_-0.1eV_3900.00K, 0.3000,  3900.00, -0.10, 1.8911,       30.98177,     0.01673309
0.3f_-0.1eV_4000.00K, 0.3000,  4000.00, -0.10, 1.8533,       31.84202,     0.02488075
0.3f_-0.1eV_4100.00K, 0.3000,  4100.00, -0.10, 1.9044,       32.46029,    0.004701076
0.3f_-0.1eV_4200.00K, 0.3000,  4200.00, -0.10, 1.8467,       31.01777,     0.01326047
0.3f_-0.1eV_4300.00K, 0.3000,  4300.00, -0.10, 1.8522,       31.19424,    0.007098543
0.3f_-0.1eV_4400.00K, 0.3000,  4400.00, -0.10, 1.8500,       30.94578,     0.03504647
0.3f_-0.1eV_4500.00K, 0.3000,  4500.00, -0.10, 1.8333,       30.77069,     0.01075047
0.3f_-0.1eV_4600.00K, 0.3000,  4600.00, -0.10, 1.8433,       30.67188,    0.007987747
0.3f_-0.1eV_4700.00K, 0.3000,  4700.00, -0.10, 1.8389,       30.75996,    0.005513093
0.3f_-0.1eV_4800.00K, 0.3000,  4800.00, -0.10, 1.8556,       31.14124,    0.007564064
0.3f_-0.1eV_4900.00K, 0.3000,  4900.00, -0.10, 1.8267,       30.81094,    0.006887986
0.3f_-0.1eV_5000.00K, 0.3000,  5000.00, -0.10, 1.8778,       30.93147,      0.0111336
0.3f_-0.1eV_5100.00K, 0.3000,  5100.00, -0.10, 1.7833,       30.24978,     0.02297225
0.3f_-0.1eV_5200.00K, 0.3000,  5200.00, -0.10, 1.8578,       30.70024,    0.007029361
0.3f_-0.1eV_5300.00K, 0.3000,  5300.00, -0.10, 1.8367,       30.89737,     0.03271899
0.3f_0.1eV_300.00K, 0.3000,   300.00,  0.10, 0.9422,       7.990044,  -1.328961e-11
0.3f_0.1eV_400.00K, 0.3000,   400.00,  0.10, 0.9256,       7.702401,    0.002251747
0.3f_0.1eV_500.00K, 0.3000,   500.00,  0.10, 0.8300,       6.209067,     0.00311465
0.3f_0.1eV_600.00K, 0.3000,   600.00,  0.10, 0.8267,       6.157611,     0.01377366
0.3f_0.1eV_700.00K, 0.3000,   700.00,  0.10, 0.8344,       6.314197,     0.01414756
0.3f_0.1eV_800.00K, 0.3000,   800.00,  0.10, 0.8433,       6.437451,    0.007914146
0.3f_0.1eV_900.00K, 0.3000,   900.00,  0.10, 0.8100,       5.921273,    0.002803949
0.3f_0.1eV_1000.00K, 0.3000,  1000.00,  0.10, 0.8633,       6.688672,     0.01323027
0.3f_0.1eV_1100.00K, 0.3000,  1100.00,  0.10, 0.9100,       7.422137,      0.0152016
0.3f_0.1eV_1200.00K, 0.3000,  1200.00,  0.10, 0.8700,       6.895141,    0.007077636
0.3f_0.1eV_1300.00K, 0.3000,  1300.00,  0.10, 0.9700,       8.130672,     0.07663515
0.3f_0.1eV_1400.00K, 0.3000,  1400.00,  0.10, 1.0500,       9.906714,    0.006121373
0.3f_0.1eV_1500.00K, 0.3000,  1500.00,  0.10, 1.0478,       9.813517,     0.02256677
0.3f_0.1eV_1600.00K, 0.3000,  1600.00,  0.10, 1.0600,       10.10019,     0.01556141
0.3f_0.1eV_1700.00K, 0.3000,  1700.00,  0.10, 1.0978,       10.82507,     0.01077012
0.3f_0.1eV_1800.00K, 0.3000,  1800.00,  0.10, 1.1711,        12.3881,     0.01269083
0.3f_0.1eV_1900.00K, 0.3000,  1900.00,  0.10, 1.1944,       12.82041,     0.01252221
0.3f_0.1eV_2000.00K, 0.3000,  2000.00,  0.10, 1.2667,       13.99758,     0.09665351
0.3f_0.1eV_2100.00K, 0.3000,  2100.00,  0.10, 1.2333,       13.62894,    0.003533221
0.3f_0.1eV_2200.00K, 0.3000,  2200.00,  0.10, 1.2656,       14.54919,     0.03666831
0.3f_0.1eV_2300.00K, 0.3000,  2300.00,  0.10, 1.3022,       15.20636,     0.01468908
0.3f_0.1eV_2400.00K, 0.3000,  2400.00,  0.10, 1.2767,       14.94214,      0.0148565
0.3f_0.1eV_2500.00K, 0.3000,  2500.00,  0.10, 1.3222,       15.75603,     0.03359181
0.3f_0.1eV_2600.00K, 0.3000,  2600.00,  0.10, 1.2967,       15.53442,     0.03671861
0.3f_0.1eV_2700.00K, 0.3000,  2700.00,  0.10, 1.3344,       15.87667,     0.01205068
0.3f_0.1eV_2800.00K, 0.3000,  2800.00,  0.10, 1.3322,       15.97297,     0.01212782
0.3f_0.1eV_2900.00K, 0.3000,  2900.00,  0.10, 1.3556,       16.57049,    0.009330571
0.3f_0.1eV_3000.00K, 0.3000,  3000.00,  0.10, 1.3733,       17.73499,     0.04902759
0.3f_0.1eV_3100.00K, 0.3000,  3100.00,  0.10, 1.4322,       17.77831,     0.03814418
0.3f_0.1eV_3200.00K, 0.3000,  3200.00,  0.10, 1.4078,       18.19273,     0.01578664
0.3f_0.1eV_3300.00K, 0.3000,  3300.00,  0.10, 1.4400,       18.65175,    0.005854455
0.3f_0.1eV_3400.00K, 0.3000,  3400.00,  0.10, 1.3689,         17.371,     0.02525877
0.3f_0.1eV_3500.00K, 0.3000,  3500.00,  0.10, 1.4700,       19.13514,    0.007451173
0.3f_0.1eV_3600.00K, 0.3000,  3600.00,  0.10, 1.4700,       19.18434,     0.01293425
0.3f_0.1eV_3700.00K, 0.3000,  3700.00,  0.10, 1.4522,       19.18405,     0.01068836
0.3f_0.1eV_3800.00K, 0.3000,  3800.00,  0.10, 1.4500,       18.88308,     0.01277414
0.3f_0.1eV_3900.00K, 0.3000,  3900.00,  0.10, 1.4678,       19.42388,      0.0111845
0.3f_0.1eV_4000.00K, 0.3000,  4000.00,  0.10, 1.4633,       18.97218,     0.01785106
0.3f_0.1eV_4100.00K, 0.3000,  4100.00,  0.10, 1.4611,       19.80867,     0.01097015
0.3f_0.1eV_4200.00K, 0.3000,  4200.00,  0.10, 1.4567,       19.13829,    0.005041504
0.3f_0.1eV_4300.00K, 0.3000,  4300.00,  0.10, 1.4611,       18.30191,    0.007197013
0.3f_0.1eV_4400.00K, 0.3000,  4400.00,  0.10, 1.4911,       20.05129,     0.01439196
0.3f_0.1eV_4500.00K, 0.3000,  4500.00,  0.10, 1.4800,       19.49199,    0.003870513
0.3f_0.1eV_4600.00K, 0.3000,  4600.00,  0.10, 1.4522,       19.40285,    0.007335463
0.3f_0.1eV_4700.00K, 0.3000,  4700.00,  0.10, 1.4944,       19.96529,    0.004846436
0.3f_0.1eV_4800.00K, 0.3000,  4800.00,  0.10, 1.5300,       19.91712,     0.01202229
0.3f_0.1eV_4900.00K, 0.3000,  4900.00,  0.10, 1.4856,       19.94301,    0.007736894
0.3f_0.1eV_5000.00K, 0.3000,  5000.00,  0.10, 1.5167,       21.21659,      0.0112223
0.3f_0.1eV_5100.00K, 0.3000,  5100.00,  0.10, 1.5267,       20.98013,    0.004040185
0.3f_0.1eV_5200.00K, 0.3000,  5200.00,  0.10, 1.4900,       19.78684,    0.004695633
0.3f_0.1eV_5300.00K, 0.3000,  5300.00,  0.10, 1.5056,        21.0495,    0.006281185
0.2f_-0.1eV_300.00K, 0.2000,   300.00, -0.10, 1.6000,          23.04,   1.860545e-10
0.2f_-0.1eV_400.00K, 0.2000,   400.00, -0.10, 1.5967,       23.00392,    0.003737101
0.2f_-0.1eV_500.00K, 0.2000,   500.00, -0.10, 1.5867,       22.76225,     0.05122992
0.2f_-0.1eV_600.00K, 0.2000,   600.00, -0.10, 1.5889,       22.69474,     0.01950605
0.2f_-0.1eV_700.00K, 0.2000,   700.00, -0.10, 1.5811,       22.44182,     0.01093853
0.2f_-0.1eV_800.00K, 0.2000,   800.00, -0.10, 1.5733,        22.2438,     0.01475236
0.2f_-0.1eV_900.00K, 0.2000,   900.00, -0.10, 1.5733,       22.19264,     0.01048136
0.2f_-0.1eV_1000.00K, 0.2000,  1000.00, -0.10, 1.5500,       21.70075,     0.03031684
0.2f_-0.1eV_1100.00K, 0.2000,  1100.00, -0.10, 1.5467,       21.60235,     0.01349803
0.2f_-0.1eV_1200.00K, 0.2000,  1200.00, -0.10, 1.5422,       21.27263,     0.04363495
0.2f_-0.1eV_1300.00K, 0.2000,  1300.00, -0.10, 1.5322,       20.99252,      0.0170002
0.2f_-0.1eV_1400.00K, 0.2000,  1400.00, -0.10, 1.5256,       20.75143,      0.0111041
0.2f_-0.1eV_1500.00K, 0.2000,  1500.00, -0.10, 1.5000,       20.23782,     0.01139908
0.2f_-0.1eV_1600.00K, 0.2000,  1600.00, -0.10, 1.5178,       20.75337,     0.02258854
0.2f_-0.1eV_1700.00K, 0.2000,  1700.00, -0.10, 1.4878,       19.84037,     0.01036512
0.2f_-0.1eV_1800.00K, 0.2000,  1800.00, -0.10, 1.4800,        19.8076,     0.01451316
0.2f_-0.1eV_1900.00K, 0.2000,  1900.00, -0.10, 1.4789,       19.32417,     0.03292834
0.2f_-0.1eV_2000.00K, 0.2000,  2000.00, -0.10, 1.4633,       19.49882,     0.01379561
0.2f_-0.1eV_2100.00K, 0.2000,  2100.00, -0.10, 1.4633,       19.17914,     0.01038084
0.2f_-0.1eV_2200.00K, 0.2000,  2200.00, -0.10, 1.4589,       19.24255,     0.02215414
0.2f_-0.1eV_2300.00K, 0.2000,  2300.00, -0.10, 1.4556,         18.583,     0.01453691
0.2f_-0.1eV_2400.00K, 0.2000,  2400.00, -0.10, 1.4456,       18.97944,    0.006732352
0.2f_-0.1eV_2500.00K, 0.2000,  2500.00, -0.10, 1.4489,       18.45619,     0.02394512
0.2f_-0.1eV_2600.00K, 0.2000,  2600.00, -0.10, 1.4267,       18.52792,     0.01473574
0.2f_-0.1eV_2700.00K, 0.2000,  2700.00, -0.10, 1.4200,       18.22305,    0.009916537
0.2f_-0.1eV_2800.00K, 0.2000,  2800.00, -0.10, 1.3989,       18.24509,     0.01623094
0.2f_-0.1eV_2900.00K, 0.2000,  2900.00, -0.10, 1.4411,       18.66154,     0.01798256
0.2f_-0.1eV_3000.00K, 0.2000,  3000.00, -0.10, 1.4178,       18.26326,     0.01779466
0.2f_-0.1eV_3100.00K, 0.2000,  3100.00, -0.10, 1.3844,       17.86122,     0.01482211
0.2f_-0.1eV_3200.00K, 0.2000,  3200.00, -0.10, 1.4056,       17.77915,    0.003832807
0.2f_-0.1eV_3300.00K, 0.2000,  3300.00, -0.10, 1.4189,       17.75167,    0.009720398
0.2f_-0.1eV_3400.00K, 0.2000,  3400.00, -0.10, 1.4178,       17.53918,      0.0131619
0.2f_-0.1eV_3500.00K, 0.2000,  3500.00, -0.10, 1.3878,       17.44777,     0.01040805
0.2f_-0.1eV_3600.00K, 0.2000,  3600.00, -0.10, 1.3933,        17.2643,     0.01443745
0.2f_-0.1eV_3700.00K, 0.2000,  3700.00, -0.10, 1.3844,       17.34106,    0.006916398
0.2f_-0.1eV_3800.00K, 0.2000,  3800.00, -0.10, 1.3700,       17.21448,    0.006711891
0.2f_-0.1eV_3900.00K, 0.2000,  3900.00, -0.10, 1.3722,       17.12277,    0.007514429
0.2f_-0.1eV_4000.00K, 0.2000,  4000.00, -0.10, 1.3900,       17.28486,     0.01464374
0.2f_-0.1eV_4100.00K, 0.2000,  4100.00, -0.10, 1.3800,       17.21973,    0.007294106
0.2f_-0.1eV_4200.00K, 0.2000,  4200.00, -0.10, 1.3822,       17.05651,    0.005918421
0.2f_-0.1eV_4300.00K, 0.2000,  4300.00, -0.10, 1.3711,       16.97374,    0.004455606
0.2f_-0.1eV_4400.00K, 0.2000,  4400.00, -0.10, 1.3767,       17.22488,    0.004900199
0.2f_-0.1eV_4500.00K, 0.2000,  4500.00, -0.10, 1.3644,       16.56968,    0.003686311
0.2f_-0.1eV_4600.00K, 0.2000,  4600.00, -0.10, 1.3700,       17.07364,    0.001917606
0.2f_-0.1eV_4700.00K, 0.2000,  4700.00, -0.10, 1.3533,       16.60573,    0.002989437
0.2f_-0.1eV_4800.00K, 0.2000,  4800.00, -0.10, 1.3822,        17.1565,    0.005146924
0.2f_-0.1eV_4900.00K, 0.2000,  4900.00, -0.10, 1.3611,       16.97072,    0.008569601
0.2f_-0.1eV_5000.00K, 0.2000,  5000.00, -0.10, 1.3611,       16.73563,    0.004403832
0.2f_-0.1eV_5100.00K, 0.2000,  5100.00, -0.10, 1.3944,       16.90131,    0.006137158
0.2f_-0.1eV_5200.00K, 0.2000,  5200.00, -0.10, 1.3567,        16.9109,    0.003173801
0.2f_-0.1eV_5300.00K, 0.2000,  5300.00, -0.10, 1.3622,       17.01541,    0.003070001
0.2f_0.1eV_300.00K, 0.2000,   300.00,  0.10, 0.7878,       5.575738,    0.003955159
0.2f_0.1eV_400.00K, 0.2000,   400.00,  0.10, 0.7511,       5.103322,     0.01435812
0.2f_0.1eV_500.00K, 0.2000,   500.00,  0.10, 0.7056,        4.50846,      0.0114074
0.2f_0.1eV_600.00K, 0.2000,   600.00,  0.10, 0.7200,        4.70193,     0.01207693
0.2f_0.1eV_700.00K, 0.2000,   700.00,  0.10, 0.6844,       4.141849,     0.04895539
0.2f_0.1eV_800.00K, 0.2000,   800.00,  0.10, 0.6689,       4.051847,     0.00740803
0.2f_0.1eV_900.00K, 0.2000,   900.00,  0.10, 0.6900,       4.244452,    0.008094962
0.2f_0.1eV_1000.00K, 0.2000,  1000.00,  0.10, 0.6989,       4.525008,      0.0711506
0.2f_0.1eV_1100.00K, 0.2000,  1100.00,  0.10, 0.7378,       4.816064,     0.02631474
0.2f_0.1eV_1200.00K, 0.2000,  1200.00,  0.10, 0.7989,       5.722174,     0.01325512
0.2f_0.1eV_1300.00K, 0.2000,  1300.00,  0.10, 0.7878,        5.67186,     0.01051918
0.2f_0.1eV_1400.00K, 0.2000,  1400.00,  0.10, 0.8178,        6.08951,    0.003940046
0.2f_0.1eV_1500.00K, 0.2000,  1500.00,  0.10, 0.8322,       6.058063,     0.02599583
0.2f_0.1eV_1600.00K, 0.2000,  1600.00,  0.10, 0.9056,       7.367533,    0.009873315
0.2f_0.1eV_1700.00K, 0.2000,  1700.00,  0.10, 0.9211,       7.526683,     0.01084468
0.2f_0.1eV_1800.00K, 0.2000,  1800.00,  0.10, 0.9433,       7.759864,     0.04262338
0.2f_0.1eV_1900.00K, 0.2000,  1900.00,  0.10, 0.9467,       7.885837,     0.02108702
0.2f_0.1eV_2000.00K, 0.2000,  2000.00,  0.10, 0.9667,       8.351984,     0.01435901
0.2f_0.1eV_2100.00K, 0.2000,  2100.00,  0.10, 0.9900,       8.881989,    0.005301639
0.2f_0.1eV_2200.00K, 0.2000,  2200.00,  0.10, 0.9956,       9.160186,     0.01346938
0.2f_0.1eV_2300.00K, 0.2000,  2300.00,  0.10, 1.0122,       9.683465,     0.03363079
0.2f_0.1eV_2400.00K, 0.2000,  2400.00,  0.10, 1.0744,       9.956465,     0.04473986
0.2f_0.1eV_2500.00K, 0.2000,  2500.00,  0.10, 1.0389,       9.840936,    0.006124043
0.2f_0.1eV_2600.00K, 0.2000,  2600.00,  0.10, 1.0556,        10.3415,     0.01188909
0.2f_0.1eV_2700.00K, 0.2000,  2700.00,  0.10, 1.0600,       10.02892,    0.006775546
0.2f_0.1eV_2800.00K, 0.2000,  2800.00,  0.10, 1.0656,       10.49306,     0.01277063
0.2f_0.1eV_2900.00K, 0.2000,  2900.00,  0.10, 1.1156,       11.00687,    0.006561058
0.2f_0.1eV_3000.00K, 0.2000,  3000.00,  0.10, 1.1367,       11.52689,     0.00594264
0.2f_0.1eV_3100.00K, 0.2000,  3100.00,  0.10, 1.0956,       10.90039,    0.007602709
0.2f_0.1eV_3200.00K, 0.2000,  3200.00,  0.10, 1.1222,       11.19647,    0.009032961
0.2f_0.1eV_3300.00K, 0.2000,  3300.00,  0.10, 1.1078,       10.94114,    0.008207995
0.2f_0.1eV_3400.00K, 0.2000,  3400.00,  0.10, 1.1178,       11.26811,     0.00739368
0.2f_0.1eV_3500.00K, 0.2000,  3500.00,  0.10, 1.1544,       11.92385,    0.005331732
0.2f_0.1eV_3600.00K, 0.2000,  3600.00,  0.10, 1.1300,       11.51231,    0.005423862
0.2f_0.1eV_3700.00K, 0.2000,  3700.00,  0.10, 1.1622,       12.30892,    0.003433843
0.2f_0.1eV_3800.00K, 0.2000,  3800.00,  0.10, 1.1344,        11.5542,    0.007053896
0.2f_0.1eV_3900.00K, 0.2000,  3900.00,  0.10, 1.1422,       11.55773,    0.004175607
0.2f_0.1eV_4000.00K, 0.2000,  4000.00,  0.10, 1.1622,         12.126,    0.002130737
0.2f_0.1eV_4100.00K, 0.2000,  4100.00,  0.10, 1.1911,       12.34581,    0.008552224
0.2f_0.1eV_4200.00K, 0.2000,  4200.00,  0.10, 1.1489,       12.01195,     0.01311062
0.2f_0.1eV_4300.00K, 0.2000,  4300.00,  0.10, 1.1533,        11.9656,    0.007071782
0.2f_0.1eV_4400.00K, 0.2000,  4400.00,  0.10, 1.1722,       12.58433,      0.0134985
0.2f_0.1eV_4500.00K, 0.2000,  4500.00,  0.10, 1.1656,       12.02753,    0.007731867
0.2f_0.1eV_4600.00K, 0.2000,  4600.00,  0.10, 1.1467,       11.73209,    0.008568796
0.2f_0.1eV_4700.00K, 0.2000,  4700.00,  0.10, 1.1722,       12.38125,    0.005967084
0.2f_0.1eV_4800.00K, 0.2000,  4800.00,  0.10, 1.2100,       12.74552,    0.003688565
0.2f_0.1eV_4900.00K, 0.2000,  4900.00,  0.10, 1.1667,       11.86426,     0.00996075
0.2f_0.1eV_5000.00K, 0.2000,  5000.00,  0.10, 1.1567,        11.8785,    0.003097058
0.2f_0.1eV_5100.00K, 0.2000,  5100.00,  0.10, 1.1767,       12.57913,    0.001485339
0.2f_0.1eV_5200.00K, 0.2000,  5200.00,  0.10, 1.1556,       12.34281,    0.004297873
0.2f_0.1eV_5300.00K, 0.2000,  5300.00,  0.10, 1.1767,       12.17419,     0.00164071
0.1f_-0.1eV_300.00K, 0.1000,   300.00, -0.10, 0.8000,           5.76,  -5.714532e-11
0.1f_-0.1eV_400.00K, 0.1000,   400.00, -0.10, 0.8000,       5.754529,    0.002104476
0.1f_-0.1eV_500.00K, 0.1000,   500.00, -0.10, 0.8000,       5.748422,    0.004380046
0.1f_-0.1eV_600.00K, 0.1000,   600.00, -0.10, 0.7978,       5.725492,    0.003700792
0.1f_-0.1eV_700.00K, 0.1000,   700.00, -0.10, 0.7944,       5.702003,    0.002125458
0.1f_-0.1eV_800.00K, 0.1000,   800.00, -0.10, 0.7922,       5.614435,    0.006900792
0.1f_-0.1eV_900.00K, 0.1000,   900.00, -0.10, 0.7956,       5.657675,    0.004574219
0.1f_-0.1eV_1000.00K, 0.1000,  1000.00, -0.10, 0.7889,       5.594549,    0.004547102
0.1f_-0.1eV_1100.00K, 0.1000,  1100.00, -0.10, 0.7878,       5.540531,    0.003110649
0.1f_-0.1eV_1200.00K, 0.1000,  1200.00, -0.10, 0.7900,       5.602468,    0.003747555
0.1f_-0.1eV_1300.00K, 0.1000,  1300.00, -0.10, 0.7833,       5.502684,    0.006104849
0.1f_-0.1eV_1400.00K, 0.1000,  1400.00, -0.10, 0.7800,       5.489462,    0.007059569
0.1f_-0.1eV_1500.00K, 0.1000,  1500.00, -0.10, 0.7744,       5.465839,    0.006151444
0.1f_-0.1eV_1600.00K, 0.1000,  1600.00, -0.10, 0.7778,       5.556046,    0.007324133
0.1f_-0.1eV_1700.00K, 0.1000,  1700.00, -0.10, 0.7800,       5.486869,    0.003879301
0.1f_-0.1eV_1800.00K, 0.1000,  1800.00, -0.10, 0.7822,       5.411268,    0.008765922
0.1f_-0.1eV_1900.00K, 0.1000,  1900.00, -0.10, 0.7711,       5.432504,     0.01291779
0.1f_-0.1eV_2000.00K, 0.1000,  2000.00, -0.10, 0.7678,       5.445067,    0.004283243
0.1f_-0.1eV_2100.00K, 0.1000,  2100.00, -0.10, 0.7622,       5.281294,    0.005650355
0.1f_-0.1eV_2200.00K, 0.1000,  2200.00, -0.10, 0.7667,       5.208285,    0.006956915
0.1f_-0.1eV_2300.00K, 0.1000,  2300.00, -0.10, 0.7733,       5.271157,     0.00473409
0.1f_-0.1eV_2400.00K, 0.1000,  2400.00, -0.10, 0.7611,       5.257054,    0.004398664
0.1f_-0.1eV_2500.00K, 0.1000,  2500.00, -0.10, 0.7656,       5.176778,    0.004898266
0.1f_-0.1eV_2600.00K, 0.1000,  2600.00, -0.10, 0.7633,       5.301813,    0.005040661
0.1f_-0.1eV_2700.00K, 0.1000,  2700.00, -0.10, 0.7722,       5.281999,    0.005074928
0.1f_-0.1eV_2800.00K, 0.1000,  2800.00, -0.10, 0.7644,       5.219885,    0.005164877
0.1f_-0.1eV_2900.00K, 0.1000,  2900.00, -0.10, 0.7567,       5.260723,    0.003844463
0.1f_-0.1eV_3000.00K, 0.1000,  3000.00, -0.10, 0.7622,       5.240559,    0.003125253
0.1f_-0.1eV_3100.00K, 0.1000,  3100.00, -0.10, 0.7500,       5.023904,   0.0009304501
0.1f_-0.1eV_3200.00K, 0.1000,  3200.00, -0.10, 0.7678,       5.290981,    0.002802583
0.1f_-0.1eV_3300.00K, 0.1000,  3300.00, -0.10, 0.7589,       5.170652,    0.001450168
0.1f_-0.1eV_3400.00K, 0.1000,  3400.00, -0.10, 0.7478,        5.10534,    0.001355386
0.1f_-0.1eV_3500.00K, 0.1000,  3500.00, -0.10, 0.7511,       5.171288,    0.004060127
0.1f_-0.1eV_3600.00K, 0.1000,  3600.00, -0.10, 0.7589,       5.112875,    0.001716966
0.1f_-0.1eV_3700.00K, 0.1000,  3700.00, -0.10, 0.7522,       5.112242,    0.002206614
0.1f_-0.1eV_3800.00K, 0.1000,  3800.00, -0.10, 0.7589,       5.025876,   0.0008728024
0.1f_-0.1eV_3900.00K, 0.1000,  3900.00, -0.10, 0.7533,       5.039666,    0.001593414
0.1f_-0.1eV_4000.00K, 0.1000,  4000.00, -0.10, 0.7533,       5.178052,    0.001738711
0.1f_-0.1eV_4100.00K, 0.1000,  4100.00, -0.10, 0.7400,       5.122587,      0.0014183
0.1f_-0.1eV_4200.00K, 0.1000,  4200.00, -0.10, 0.7522,        5.08271,    0.001605383
0.1f_-0.1eV_4300.00K, 0.1000,  4300.00, -0.10, 0.7411,       5.096427,    0.004958304
0.1f_-0.1eV_4400.00K, 0.1000,  4400.00, -0.10, 0.7589,        5.06355,    0.002167523
0.1f_-0.1eV_4500.00K, 0.1000,  4500.00, -0.10, 0.7444,       5.084003,    0.001575737
0.1f_-0.1eV_4600.00K, 0.1000,  4600.00, -0.10, 0.7400,       5.018138,    0.001935169
0.1f_-0.1eV_4700.00K, 0.1000,  4700.00, -0.10, 0.7444,       4.906993,    0.002179951
0.1f_-0.1eV_4800.00K, 0.1000,  4800.00, -0.10, 0.7422,       4.865024,    0.000911559
0.1f_-0.1eV_4900.00K, 0.1000,  4900.00, -0.10, 0.7556,       5.159046,    0.001004155
0.1f_-0.1eV_5000.00K, 0.1000,  5000.00, -0.10, 0.7422,       4.912518,   0.0007448182
0.1f_-0.1eV_5100.00K, 0.1000,  5100.00, -0.10, 0.7456,       4.998146,   0.0006440483
0.1f_-0.1eV_5200.00K, 0.1000,  5200.00, -0.10, 0.7400,       4.996357,   0.0005051166
0.1f_-0.1eV_5300.00K, 0.1000,  5300.00, -0.10, 0.7522,       5.029045,     0.00110387
0.1f_0.1eV_300.00K, 0.1000,   300.00,  0.10, 0.4822,       2.092844,  -1.860545e-11
0.1f_0.1eV_400.00K, 0.1000,   400.00,  0.10, 0.4800,        2.07504,    0.003773424
0.1f_0.1eV_500.00K, 0.1000,   500.00,  0.10, 0.4411,       1.746468,    0.004719593
0.1f_0.1eV_600.00K, 0.1000,   600.00,  0.10, 0.4178,       1.594731,     0.01076029
0.1f_0.1eV_700.00K, 0.1000,   700.00,  0.10, 0.4378,       1.699495,    0.009787374
0.1f_0.1eV_800.00K, 0.1000,   800.00,  0.10, 0.4278,       1.660713,    0.001549498
0.1f_0.1eV_900.00K, 0.1000,   900.00,  0.10, 0.4567,       1.885605,     0.00758427
0.1f_0.1eV_1000.00K, 0.1000,  1000.00,  0.10, 0.4322,       1.692376,    0.002033327
0.1f_0.1eV_1100.00K, 0.1000,  1100.00,  0.10, 0.4733,       2.012104,    0.004283413
0.1f_0.1eV_1200.00K, 0.1000,  1200.00,  0.10, 0.5156,       2.350825,     0.02069768
0.1f_0.1eV_1300.00K, 0.1000,  1300.00,  0.10, 0.5444,       2.715487,    0.007815131
0.1f_0.1eV_1400.00K, 0.1000,  1400.00,  0.10, 0.5411,       2.612706,    0.005854523
0.1f_0.1eV_1500.00K, 0.1000,  1500.00,  0.10, 0.5622,       2.840304,    0.007584318
0.1f_0.1eV_1600.00K, 0.1000,  1600.00,  0.10, 0.5811,       3.023333,    0.003710636
0.1f_0.1eV_1700.00K, 0.1000,  1700.00,  0.10, 0.5789,       3.063503,     0.01481294
0.1f_0.1eV_1800.00K, 0.1000,  1800.00,  0.10, 0.5789,       2.974015,    0.008862393
0.1f_0.1eV_1900.00K, 0.1000,  1900.00,  0.10, 0.5967,       3.216714,    0.003157047
0.1f_0.1eV_2000.00K, 0.1000,  2000.00,  0.10, 0.6167,       3.317547,      0.0183624
0.1f_0.1eV_2100.00K, 0.1000,  2100.00,  0.10, 0.6378,       3.468484,     0.02402707
0.1f_0.1eV_2200.00K, 0.1000,  2200.00,  0.10, 0.6411,       3.694417,    0.005374888
0.1f_0.1eV_2300.00K, 0.1000,  2300.00,  0.10, 0.6367,       3.738835,    0.005493876
0.1f_0.1eV_2400.00K, 0.1000,  2400.00,  0.10, 0.6344,       3.709116,    0.007145766
0.1f_0.1eV_2500.00K, 0.1000,  2500.00,  0.10, 0.6333,       3.534776,    0.003263823
0.1f_0.1eV_2600.00K, 0.1000,  2600.00,  0.10, 0.6433,       3.833973,    0.007231477
0.1f_0.1eV_2700.00K, 0.1000,  2700.00,  0.10, 0.6478,       3.815407,    0.003076283
0.1f_0.1eV_2800.00K, 0.1000,  2800.00,  0.10, 0.6489,       3.842515,    0.001355257
0.1f_0.1eV_2900.00K, 0.1000,  2900.00,  0.10, 0.6533,       3.841313,    0.003237637
0.1f_0.1eV_3000.00K, 0.1000,  3000.00,  0.10, 0.6500,        3.89736,    0.002017064
0.1f_0.1eV_3100.00K, 0.1000,  3100.00,  0.10, 0.6556,       3.965488,    0.002736765
0.1f_0.1eV_3200.00K, 0.1000,  3200.00,  0.10, 0.6711,       4.132818,    0.006381037
0.1f_0.1eV_3300.00K, 0.1000,  3300.00,  0.10, 0.6633,       3.977206,    0.002340328
0.1f_0.1eV_3400.00K, 0.1000,  3400.00,  0.10, 0.6644,        3.85583,    0.003842721
0.1f_0.1eV_3500.00K, 0.1000,  3500.00,  0.10, 0.6700,       4.051525,    0.001585699
0.1f_0.1eV_3600.00K, 0.1000,  3600.00,  0.10, 0.6667,       3.943746,    0.002919962
0.1f_0.1eV_3700.00K, 0.1000,  3700.00,  0.10, 0.6778,       3.990352,    0.002447361
0.1f_0.1eV_3800.00K, 0.1000,  3800.00,  0.10, 0.6711,        4.08137,    0.004640823
0.1f_0.1eV_3900.00K, 0.1000,  3900.00,  0.10, 0.6767,       4.136722,    0.001768359
0.1f_0.1eV_4000.00K, 0.1000,  4000.00,  0.10, 0.6767,       4.255006,    0.004260752
0.1f_0.1eV_4100.00K, 0.1000,  4100.00,  0.10, 0.6733,       4.183443,    0.001410932
0.1f_0.1eV_4200.00K, 0.1000,  4200.00,  0.10, 0.6767,       4.104595,    0.002953159
0.1f_0.1eV_4300.00K, 0.1000,  4300.00,  0.10, 0.6822,       4.242666,   0.0008849298
0.1f_0.1eV_4400.00K, 0.1000,  4400.00,  0.10, 0.6811,       4.184998,    0.001263371
0.1f_0.1eV_4500.00K, 0.1000,  4500.00,  0.10, 0.6711,       4.184725,    0.002948427
0.1f_0.1eV_4600.00K, 0.1000,  4600.00,  0.10, 0.6956,       4.269568,   0.0004669471
0.1f_0.1eV_4700.00K, 0.1000,  4700.00,  0.10, 0.6733,       4.279492,    0.003021432
0.1f_0.1eV_4800.00K, 0.1000,  4800.00,  0.10, 0.7011,       4.353482,    0.001205302
0.1f_0.1eV_4900.00K, 0.1000,  4900.00,  0.10, 0.6722,       4.098546,    0.000433882
0.1f_0.1eV_5000.00K, 0.1000,  5000.00,  0.10, 0.6656,       4.022966,   0.0005322916
0.1f_0.1eV_5100.00K, 0.1000,  5100.00,  0.10, 0.7056,       4.472294,     0.00111957
0.1f_0.1eV_5200.00K, 0.1000,  5200.00,  0.10, 0.6789,       4.062133,    0.001505011
0.1f_0.1eV_5300.00K, 0.1000,  5300.00,  0.10, 0.6933,       4.440545,     0.00248536
